id;title;description;rating;url
1;where synod;athwart;into;https://honorable-loincloth.com
2;ugh march concerning;mmm;gadzooks;https://critical-mat.biz/
3;never under yum;nimble;approve;https://questionable-photographer.biz/
4;main;tenderly;something;https://determined-question.biz
5;zowie online free;descendant past canvas;ha except eek;https://crowded-identity.biz
6;as psst;at;where pastel;https://bumpy-moat.info/
7;a boo;annually gah;how excepting;https://legitimate-invasion.org/
8;brisk weepy;all cluttered less;sick unnecessarily;https://surprised-implementation.name
9;enthusiastically diffuse;ouch;forage like;https://unfortunate-television.net
10;among;plus oh;bureau aha ouch;https://peaceful-organizing.net/
